domain, post_time, title, rank, subreddit, score, link, comments, submitter, timestamp
i.imgur.com, Tue Dec 2 19:43:53 2014 UTC, Winter loading please wait..., 1, /r/funny, 4873, http://i.imgur.com/HzyxWp7.jpg, 366 comments, winter_storm, 2014-12-02 20:00:01
i.imgur.com, Tue Dec 2 19:59:24 2014 UTC, The snails in my aquarium will eat every bit of a carrot except for its skin., 2, /r/mildlyinteresting, 3931, http://i.imgur.com/1bBsfWE.jpg, 457 comments, jasamaha8, 2014-12-02 20:00:01
i.imgur.com, Tue Dec 2 18:54:14 2014 UTC, A knife with a handle made of the mineral Labradorite, 3, /r/pics, 4338, http://i.imgur.com/W03aLAd.jpg, 721 comments, Griffin23, 2014-12-02 20:00:01
i.imgur.com, Tue Dec 2 19:07:54 2014 UTC, My sister and her husband recently adopted this is his first snow., 4, /r/aww, 4335, http://i.imgur.com/xEYAjj0.jpg, 296 comments, stephy151, 2014-12-02 20:00:01
theguardian.com, Tue Dec 2 19:58:29 2014 UTC, British man found with nailbomb weapons cache and plans to mass murder immigrants not charged with terrorism, 5, /r/worldnews, 2533, http://www.theguardian.com/uk-news/2014/nov/28/soldier-jailed-nailbomb-ryan-mcgee-manchester-bomb, 520 comments, blurghh, 2014-12-02 20:00:01
i.imgur.com, Tue Dec 2 19:07:18 2014 UTC, Say cheese!, 6, /r/gifs, 2914, http://i.imgur.com/PVtCuso.gif, 123 comments, 1Voice1Life, 2014-12-02 20:00:01
popularmechanics.com, Tue Dec 2 16:00:19 2014 UTC, DNA analysis confirms that a skeleton unearthed from a UK parking lot is the former king Richard III. This is the oldest DNA identification case of a known individual and while trying to trace former monarchs genetic lineage the scientists accidentally uncovered centuries-old royal adultery., 7, /r/science, 4815, http://www.popularmechanics.com/science/health/genetics/scientists-confirm-remains-king-richard-iii-17487010, 762 comments, Tuber_Maculatum, 2014-12-02 20:00:01
i.imgur.com, Tue Dec 2 17:10:59 2014 UTC, The First Poster for Terminator: Genisys is here., 8, /r/movies, 3582, http://i.imgur.com/Gkd6yuz.jpg, 1736 comments, PresidentScree, 2014-12-02 20:00:01
i.imgur.com, Tue Dec 2 18:13:32 2014 UTC, [Image] Too close to home. I'm dodging bullets in my living room., 9, /r/GetMotivated, 2831, http://i.imgur.com/xWzjHUQ.jpg, 566 comments, RocheCoach, 2014-12-02 20:00:01
washingtonpost.com, Tue Dec 2 19:55:02 2014 UTC, Forensics Expert who Pushed the Michael Brown Hands Up Story is In Fact Not Qualified or Certified, 10, /r/news, 1820, http://www.washingtonpost.com/news/the-watch/wp/2014/12/02/the-saga-of-shawn-parcells-the-uncredited-forensics-expert-in-the-michael-brown-case/?hpid=z2, 278 comments, Good-ol-mr-helpful, 2014-12-02 20:00:01
imgur.com, Tue Dec 2 14:47:53 2014 UTC, Heart rate (bpm) during marriage proposal [OC], 11, /r/dataisbeautiful, 4570, http://imgur.com/mbOPX2L, 691 comments, sesipikai, 2014-12-02 20:00:01
youtube.com, Tue Dec 2 17:31:07 2014 UTC, Stephen Colbert reacts to Star Wars VII trailer; defends new lightsaber design, 12, /r/videos, 2638, https://www.youtube.com/watch?v=zk9hd950-9I, 462 comments, chickenfight, 2014-12-02 20:00:01
imgur.com, Tue Dec 2 16:53:18 2014 UTC, My nana my best friend passed away last week at the age of 77. Here she is at 18 during her modeling days., 13, /r/OldSchoolCool, 2933, http://imgur.com/IzjXuPH, 246 comments, crassified, 2014-12-02 20:00:01
self.AskReddit, Tue Dec 2 17:18:29 2014 UTC, Parents: When did you realize you took it too far with your child?, 14, /r/AskReddit, 2521, /r/AskReddit/comments/2o27vh/parents_when_did_you_realize_you_took_it_too_far/, 4615 comments, nawtbutters, 2014-12-02 20:00:01
self.explainlikeimfive, Tue Dec 2 15:08:41 2014 UTC, ELI5: Why is a rape on a college campus handled as an administrative problem by the school rather than as a criminal matter handled by the police?, 15, /r/explainlikeimfive, 3652, /r/explainlikeimfive/comments/2o1tfe/eli5_why_is_a_rape_on_a_college_campus_handled_as/, 1852 comments, see_bee, 2014-12-02 20:00:01
i.imgur.com, Tue Dec 2 14:56:34 2014 UTC, Surf and turf I made as special for the steakhouse where I work., 16, /r/food, 3745, http://i.imgur.com/KhJSd9C.jpg, 1002 comments, gugal2006, 2014-12-02 20:00:01
gfycat.com, Tue Dec 2 16:06:00 2014 UTC, Damnit Fleener you had ONE JOB!!!, 17, /r/sports, 2814, http://www.gfycat.com/WholeSelfishAsianconstablebutterfly, 490 comments, Rawtashk, 2014-12-02 20:00:01
pcmag.com, Tue Dec 2 15:21:17 2014 UTC, TIL: The world's first electronic digital wristwatch was introduced in 1972 and cost $2100.00 (about $11400 today) and by the end of the 70's digital watches were being sold for $10.00., 18, /r/todayilearned, 2942, http://www.pcmag.com/slideshow/story/296609/the-digital-watch-a-brief-history, 664 comments, -aurelius, 2014-12-02 20:00:01
self.IAmA, Tue Dec 2 22:05:47 2014 UTC, This is the legend The Iron Sheik. AMA., 19, /r/IAmA, 851, /r/IAmA/comments/2o37oh/this_is_the_legend_the_iron_sheik_ama/, 335 comments, Iron-Sheik, 2014-12-02 20:00:01
ppcdn.500px.org, Tue Dec 2 13:31:39 2014 UTC, A frozen waterfall in Bariloche Patagonia Argentina [1500x996] Photo by Guillermo Palavecino, 20, /r/EarthPorn, 3914, http://ppcdn.500px.org/44151546/ade0f35341e30c16fe5e41d8178a640f9bfe1372/2048.jpg, 141 comments, DaHitcha, 2014-12-02 20:00:01
imgur.com, Tue Dec 2 13:53:23 2014 UTC, Oil Filtered Skyrim!, 21, /r/gaming, 3679, http://imgur.com/a/hY7bi#0, 1018 comments, ProtologolusX, 2014-12-02 20:00:01
thecolbertreport.cc.com, Tue Dec 2 14:58:45 2014 UTC, Stephen defends the new lightsaber design, 22, /r/television, 2940, http://thecolbertreport.cc.com/videos/umsrnb/lightsaber-controversy, 1237 comments, dak8, 2014-12-02 20:00:01
self.Showerthoughts, Tue Dec 2 13:20:07 2014 UTC, Santa Claus probably regrets giving coal to naughty kids now that global warming is threatening his habitat., 23, /r/Showerthoughts, 3878, /r/Showerthoughts/comments/2o1k4a/santa_claus_probably_regrets_giving_coal_to/, 330 comments, JeremyMcLellan, 2014-12-02 20:00:01
self.tifu, Tue Dec 2 19:31:17 2014 UTC, TIFU by giving my roommate my queen sized bed, 24, /r/tifu, 1100, /r/tifu/comments/2o2o28/tifu_by_giving_my_roommate_my_queen_sized_bed/, 108 comments, facthungry, 2014-12-02 20:00:01
apod.nasa.gov, Tue Dec 2 11:30:49 2014 UTC, Milky Way over Devils Tower, 25, /r/space, 3946, http://apod.nasa.gov/apod/image/1410/DTHalloween.jpg, 250 comments, The-Mitr, 2014-12-02 20:00:01
i.imgur.com, Tue Dec 2 11:56:39 2014 UTC, PsBattle: Happy Otter, 26, /r/photoshopbattles, 3084, http://i.imgur.com/19bECJR.jpg, 186 comments, GallowBoob, 2014-12-02 20:00:01
imgur.com, Tue Dec 2 14:56:06 2014 UTC, I painted a bedroom in stripes. Easy and fun project with nice results., 27, /r/DIY, 1764, http://imgur.com/a/1ltQc, 189 comments, lubblylady, 2014-12-02 20:00:01
theguardian.com, Tue Dec 2 10:27:18 2014 UTC, Stephen Hawking: I'd love to play a Bond baddie, 28, /r/nottheonion, 3045, http://www.theguardian.com/film/2014/dec/02/stephen-hawking-bond-baddie-film-theory-of-everything, 293 comments, martinsaltpetre, 2014-12-02 20:00:01
self.askscience, Tue Dec 2 13:59:05 2014 UTC, Do giraffes vomit?, 29, /r/askscience, 1564, /r/askscience/comments/2o1n5g/do_giraffes_vomit/, 183 comments, Probablynotabadguy, 2014-12-02 20:00:01
businessinsider.com, Tue Dec 2 19:13:51 2014 UTC, AMAZON CEO: 'I Want To See Millions Of People Living And Working In Space', 30, /r/Futurology, 525, http://www.businessinsider.com/amazon-ceo-jeff-bezos-space-2014-12, 106 comments, gari-soflo, 2014-12-02 20:00:01
i.imgur.com, Tue Dec 2 15:46:54 2014 UTC, Life and Death, 31, /r/creepy, 984, http://i.imgur.com/UD7d2T7.jpg, 110 comments, Spawndaemon, 2014-12-02 20:00:01
self.Music, Tue Dec 2 11:27:26 2014 UTC, What nonsensical music lyric irritates you the most?, 32, /r/Music, 1964, /r/Music/comments/2o1d0d/what_nonsensical_music_lyric_irritates_you_the/, 6611 comments, tomthedog, 2014-12-02 20:00:01
self.Fitness, Tue Dec 2 14:21:31 2014 UTC, Don't let your mood dictate how you think your workout is going to go, 33, /r/Fitness, 890, /r/Fitness/comments/2o1p3j/dont_let_your_mood_dictate_how_you_think_your/, 210 comments, veritasius, 2014-12-02 20:00:01
upi.com, Tue Dec 2 15:00:02 2014 UTC, Labrador adopts tiger cub lets her suckle milk, 34, /r/UpliftingNews, 740, http://www.upi.com/Odd_News/2014/12/02/Labrador-adopts-tiger-cub-lets-her-suckle-milk/3581417526125/, 62 comments, MattRyd7, 2014-12-02 20:00:01
youtube.com, Tue Dec 2 20:05:00 2014 UTC, The Rise and Fall of G4 TV 4 Gamers (2014). Quick documentary of the years G4TV was on the air., 35, /r/Documentaries, 277, https://www.youtube.com/watch?v=ZEBwGOHntro&index=43&list=WL, 63 comments, Craftyspaceman, 2014-12-02 20:00:01
css3generator.com, Tue Dec 2 16:01:14 2014 UTC, This website generates CSS3 Coding For any purpose you need., 36, /r/InternetIsBeautiful, 555, http://css3generator.com/, 17 comments, twistedfunnyguytv, 2014-12-02 20:00:01
independent.co.uk, Tue Dec 2 17:29:36 2014 UTC, My partner raped me and I was the one prosecuted, 37, /r/TwoXChromosomes, 410, http://www.independent.co.uk/voices/comment/my-partner-raped-me-and-i-was-the-one-prosecuted-9897674.html, 391 comments, cakevodka, 2014-12-02 20:00:01
slatestarcodex.com, Tue Dec 2 14:01:41 2014 UTC, This review perfectly articulates what bothered me so much about Kerouac's *On the Road*, 38, /r/books, 747, http://slatestarcodex.com/2014/12/02/book-review-on-the-road/, 334 comments, AnnaLemma, 2014-12-02 20:00:01
appleinsider.com, Tue Dec 2 20:33:43 2014 UTC, Apple patents active fall protection system that shifts iPhones in midair, 39, /r/gadgets, 174, http://appleinsider.com/articles/14/12/02/apple-patents-active-fall-protection-system-that-shifts-iphones-in-midair, 66 comments, vartunet, 2014-12-02 20:00:01
self.WritingPrompts, Tue Dec 2 13:44:04 2014 UTC, [WP] Two hitmen who have been hired to kill each other are stuck in an elevator that has broken down without knowing who the other is the two begin to suspect the other is their target through conversation., 40, /r/WritingPrompts, 557, /r/WritingPrompts/comments/2o1lv6/wp_two_hitmen_who_have_been_hired_to_kill_each/, 52 comments, Echoes_and_madness, 2014-12-02 20:00:01
aljazeera.com, Tue Dec 2 15:33:33 2014 UTC, World War One Through Arab Eyes - Al Jazeera, 41, /r/history, 331, http://www.aljazeera.com/programmes/specialseries/2014/11/world-war-one-through-arab-eyes-20141114133936678600.html, 67 comments, jwalker16, 2014-12-02 20:00:01
self.personalfinance, Tue Dec 2 17:17:59 2014 UTC, Completely got ripped when buying a car i'm here two years later needing help., 42, /r/personalfinance, 239, /r/personalfinance/comments/2o27td/completely_got_ripped_when_buying_a_car_im_here/, 395 comments, Hiitslana, 2014-12-02 20:00:01
self.nosleep, Tue Dec 2 14:51:31 2014 UTC, Who or what was in my house..., 43, /r/nosleep, 371, /r/nosleep/comments/2o1rro/who_or_what_was_in_my_house/, 71 comments, All_For_Today, 2014-12-02 20:00:01
vulf.bandcamp.com, Tue Dec 2 17:10:20 2014 UTC, Vulfpeck -- Christmas in L.A. [funk] (2014) - [3:03], 44, /r/listentothis, 240, http://vulf.bandcamp.com/track/christmas-in-l-a-feat-david-t-walker, 32 comments, asianjuu, 2014-12-02 20:00:01
self.LifeProTips, Tue Dec 2 04:30:46 2014 UTC, LPT: When writing an essay write your thesis or the question you're trying to answer in the header and footer., 45, /r/LifeProTips, 1822, /r/LifeProTips/comments/2o0k4d/lpt_when_writing_an_essay_write_your_thesis_or/, 129 comments, ProKoala, 2014-12-02 20:00:01
self.philosophy, Tue Dec 2 12:57:39 2014 UTC, Is a break in conciousness equivelant to death?, 46, /r/philosophy, 231, /r/philosophy/comments/2o1iiv/is_a_break_in_conciousness_equivelant_to_death/, 210 comments, Steve_Drambus, 2014-12-02 20:00:01
imgur.com, Tue Dec 2 21:07:46 2014 UTC, This kid at my school couldn't figure out why his drink made his heart hurt, 47, /r/funny, 3523, http://imgur.com/iczBLCa, 440 comments, SunSen, 2014-12-02 20:00:01
nasa.gov, Tue Dec 2 17:30:13 2014 UTC, NASA announces plans to send humans to Mars by 2030., 48, /r/science, 3426, http://www.nasa.gov/content/nasas-journey-to-mars/#.VH3zsjHF9SE, 379 comments, pilotdude22, 2014-12-02 20:00:01
self.LifeProTips, Tue Dec 2 22:01:11 2014 UTC, LPT: When you're trying to lose weight be consistent and just use one scale., 49, /r/LifeProTips, 69, /r/LifeProTips/comments/2o373a/lpt_when_youre_trying_to_lose_weight_be/, 8 comments, Towdart, 2014-12-02 20:00:01
imgur.com, Tue Dec 2 17:04:56 2014 UTC, What turning 34 feels like., 50, /r/gaming, 1911, http://imgur.com/voZA6aA.jpeg, 152 comments, acrantrad, 2014-12-02 20:00:01
self.LifeProTips, Tue Dec 2 11:42:46 2014 UTC, LPT: Add a + sign after a bit.ly link to find out how many people have clicked on it, 51, /r/LifeProTips, 421, /r/LifeProTips/comments/2o1dwz/lpt_add_a_sign_after_a_bitly_link_to_find_out_how/, 36 comments, wordswithmagic, 2014-12-02 20:00:01
self.WritingPrompts, Tue Dec 2 15:42:54 2014 UTC, [WP] For the first time humanity successfully performs faster-than-light travel. Soon after they are pulled over by interdimensional police for breaking the laws of physics., 52, /r/WritingPrompts, 329, /r/WritingPrompts/comments/2o1wtr/wp_for_the_first_time_humanity_successfully/, 43 comments, JAV0K, 2014-12-02 20:00:01
i.imgur.com, Tue Dec 2 23:12:11 2014 UTC, My 90-year old grandma mailed a homemade vest for me to wear to parties. It's...amazing., 53, /r/funny, , http://i.imgur.com/eM7wJLI.jpg, 128 comments, RobbieRaaaaaaborn, 2014-12-02 20:00:01
theguardian.com, Tue Dec 2 20:10:17 2014 UTC, I believe Shia LaBeouf - a person doesn't have to be likeable to be a victim, 54, /r/TwoXChromosomes, 205, http://www.theguardian.com/commentisfree/2014/dec/02/shia-labeouf-sexual-violence-male-victims, 125 comments, allycakes, 2014-12-02 20:00:01
i.imgur.com, Tue Dec 2 20:24:35 2014 UTC, Best in-flight entertainment ever, 55, /r/gaming, 903, http://i.imgur.com/ndcLxAb.jpg, 155 comments, PolarMETHOD, 2014-12-02 20:00:01
self.IAmA, Tue Dec 2 12:58:27 2014 UTC, I am Mikko Hypponen a computer security expert. Ask me anything!, 56, /r/IAmA, 3500, /r/IAmA/comments/2o1il1/i_am_mikko_hypponen_a_computer_security_expert/, 3037 comments, mikkohypponen, 2014-12-02 20:00:01
incrediblehulktvseries.com, Tue Dec 2 12:43:00 2014 UTC, TIL that Bruce Banner's name was changed to David Banner in The Incredible Hulk because Bruce was considered a stereotypically gay name., 57, /r/todayilearned, 3658, http://www.incrediblehulktvseries.com/Intro/Hulkintrod.htm, 1421 comments, azzameen, 2014-12-02 20:00:01
youtube.com, Tue Dec 2 14:05:25 2014 UTC, MULTI  the worlds first rope-free elevator system - Star Trek's Turbolift concept to become reality in 2016!, 58, /r/Futurology, 1010, https://www.youtube.com/watch?v=KUa8M0H9J5o, 364 comments, hzzzln, 2014-12-02 20:00:01
thefw.com, Tue Dec 2 13:39:39 2014 UTC, TIL in order to capture a genuine look of surprise on Hans Gruber's face Alan Rickman was dropped one second early at the end of Die Hard., 59, /r/todayilearned, 2919, http://thefw.com/things-you-didnt-know-about-die-hard/, 241 comments, mike_pants, 2014-12-02 20:00:01
i.imgur.com, Tue Dec 2 18:58:17 2014 UTC, Evil owl, 60, /r/gifs, 2126, http://i.imgur.com/O5JT50B.gif, 56 comments, 1Voice1Life, 2014-12-02 20:00:01
youtube.com, Tue Dec 2 13:31:17 2014 UTC, Brilliant zombie short film amazing what you can portray in 7 mins, 61, /r/videos, 3942, https://www.youtube.com/watch?v=gryenlQKTbE, 1081 comments, Lyran_Outcast, 2014-12-02 20:00:01
newsfeed.time.com, Tue Dec 2 13:53:42 2014 UTC, TIL in a Fox News interview for Now You See Me Morgan Freeman fell asleep while co-star Michael Caine was chatting. Freeman responded Regarding my recent interview I wasnt actually sleeping. Im a beta tester for Google Eyelids and I was merely taking the opportunity to update my Facebook page, 62, /r/todayilearned, 2641, http://newsfeed.time.com/2013/05/23/watch-did-morgan-freeman-nod-off-during-an-interview/, 191 comments, DrWeeGee, 2014-12-02 20:00:01
blogs.telegraph.co.uk, Tue Dec 2 20:41:43 2014 UTC, TIL Hitler had a relative called Paddy Hitler who ended up joining the US Navy where along with all recruits he had to fill out a form listing any relatives who might be fighting for the enemy., 63, /r/todayilearned, 762, http://blogs.telegraph.co.uk/news/edwest/100160611/hitlers-children-and-the-sins-of-the-fathers/, 45 comments, j1mb0b, 2014-12-02 20:00:01
media-cache-ak0.pinimg.com, Tue Dec 2 19:15:10 2014 UTC, This is pretty fucking cool, 64, /r/pics, 2677, http://media-cache-ak0.pinimg.com/originals/80/0a/39/800a397f9608a204847e6c7ea1d2f611.jpg, 240 comments, LashelleValentine, 2014-12-02 20:00:01
steamcommunity.com, Tue Dec 2 18:55:44 2014 UTC, Valve announce Steam Broadcasting Beta, 65, /r/gaming, 960, https://steamcommunity.com/updates/broadcasting, 201 comments, SHOW_S, 2014-12-02 20:00:01
youtube.com, Tue Dec 2 19:38:47 2014 UTC, Embarrassing dad at electronic music festival, 66, /r/videos, 1180, https://www.youtube.com/watch?v=qGXzT1FdJsk, 295 comments, Playsz, 2014-12-02 20:00:01
i.imgur.com, Tue Dec 2 16:54:37 2014 UTC, Awesome Christmas Tree, 67, /r/pics, 3905, http://i.imgur.com/2rqMzoT.jpg, 87 comments, Ryno3639, 2014-12-02 20:00:01
i.imgur.com, Tue Dec 2 21:49:53 2014 UTC, flashback, 68, /r/pics, 1609, http://i.imgur.com/CPt0kR3.jpg, 101 comments, Maniso, 2014-12-02 20:00:01
nycgovparks.org, Tue Dec 2 13:07:37 2014 UTC, TIL NYC homeowners can request that a tree be planted outside their homes for free., 69, /r/todayilearned, 2822, http://www.nycgovparks.org/trees/street-tree-planting/request, 252 comments, jeffbailey, 2014-12-02 20:00:01
self.IAmA, Tue Dec 2 21:54:57 2014 UTC, We are the managers at the helm of NASA's programs to allow us to send humans into deep space. Ask us anything!, 70, /r/IAmA, 551, /r/IAmA/comments/2o36aw/we_are_the_managers_at_the_helm_of_nasas_programs/, 326 comments, NASASocial, 2014-12-02 20:00:01
theweeklings.com, Tue Dec 2 15:12:33 2014 UTC, The 50 Most Drug-Addled Albums in Music History, 71, /r/Music, 622, http://www.theweeklings.com/sbeaudoin/2014/02/26/the-50-most-drug-addled-albums-of-mania-dissipation-and-beauty/, 341 comments, DoobieMcJoints, 2014-12-02 20:00:01
self.LifeProTips, Tue Dec 2 15:37:24 2014 UTC, LPT: After you use a snowbrush to clear off your vehicle hit the brush bristles-first on a tire. It will clear out the remaining snow and is one place on the vehicle you for sure won't scratch by doing this., 72, /r/LifeProTips, 147, /r/LifeProTips/comments/2o1w99/lpt_after_you_use_a_snowbrush_to_clear_off_your/, 23 comments, SwimmingNaked, 2014-12-02 20:00:01
i.imgur.com, Tue Dec 2 16:06:37 2014 UTC, Good guy Andre Johnson does it again. $16000 on toys for underprivileged kids, 73, /r/pics, 4344, http://i.imgur.com/UGPtHDZ.png, 1707 comments, Going_Braindead, 2014-12-02 20:00:01
wyff4.com, Tue Dec 2 15:56:19 2014 UTC, TIL That in 2011 a man killed his wife in a Walmart she worked at. Instead of closing the store Walmart just roped off the part of the store covered in blood., 74, /r/todayilearned, 1573, http://www.wyff4.com/Shopping-Continues-After-Woman-Is-Killed-In-Walmart/6131004, 279 comments, newtruckfund, 2014-12-02 20:00:01
self.askscience, Tue Dec 2 17:34:07 2014 UTC, If the moon formed from Earth due to a huge impact shaving off a large piece of rock and then coalescing how did moons form around gas giants like Jupiter and Saturn?, 75, /r/askscience, 472, /r/askscience/comments/2o29qh/if_the_moon_formed_from_earth_due_to_a_huge/, 37 comments, codecracker25, 2014-12-02 20:00:01
self.tifu, Tue Dec 2 16:30:06 2014 UTC, TIFU by trying to light my farts on fire., 76, /r/tifu, 1070, /r/tifu/comments/2o228s/tifu_by_trying_to_light_my_farts_on_fire/, 156 comments, Pyrofart, 2014-12-02 20:00:01
imgur.com, Tue Dec 2 17:10:49 2014 UTC, Failed today too. I'll try tomorrow., 77, /r/funny, 4127, http://imgur.com/DeH1sli, 486 comments, acteon29, 2014-12-02 20:00:01
farm4.staticflickr.com, Tue Dec 2 14:20:23 2014 UTC, The Ghost Cave - Aurora-filled skies near the Vatnajkull glacier. Photo by Max Rive. Xpost /r/Island. [847x1080], 78, /r/EarthPorn, 1821, https://farm4.staticflickr.com/3907/15197733061_caa4d0b5ff_o.jpg, 36 comments, unknown_name, 2014-12-02 20:00:01
huffingtonpost.com, Tue Dec 2 13:15:43 2014 UTC, TIL a man fought for nearly a decade to prevent the bank from foreclosing on his home saying I'll tear it down before I let you take it. When foreclosure proceedings began he leveled the house with a bulldozer., 79, /r/todayilearned, 2289, http://www.huffingtonpost.com/2010/02/23/terry-hoskins-ohio-man-bu_n_472845.html, 174 comments, mike_pants, 2014-12-02 20:00:01
latimes.com, Tue Dec 2 14:26:55 2014 UTC, 'Revenge' porn law: Ex-boyfriend who posted nude photos gets jail time, 80, /r/news, 2605, http://www.latimes.com/local/lanow/la-me-ln-la-man-jail-revenge-porn-law-20141201-story.html, 1073 comments, maxwellhill, 2014-12-02 20:00:01
grammarist.com, Tue Dec 2 14:15:14 2014 UTC, TIL spilled and spilt are both right. They're completely interchangeable., 81, /r/todayilearned, 1878, http://grammarist.com/usage/spilled-spilt/, 238 comments, atyeo, 2014-12-02 20:00:01
imgur.com, Tue Dec 2 14:07:24 2014 UTC, I Don't Know What I'm Doing, 82, /r/gifs, 3725, http://imgur.com/isIyEaV.gif, 821 comments, lmvaughan, 2014-12-02 20:00:01
imgur.com, Tue Dec 2 18:41:25 2014 UTC, Our friend is a trampolinist. He changed his profile picture and we photoshopped it once or twice., 83, /r/funny, 2685, http://imgur.com/gallery/qz2Fs, 129 comments, seanod5, 2014-12-02 20:00:01
i.imgur.com, Tue Dec 2 15:14:09 2014 UTC, Excuse me. Uhm you forgot something, 84, /r/gifs, 2832, http://i.imgur.com/e07oX7p.gif, 45 comments, onlysame1, 2014-12-02 20:00:01
imgur.com, Tue Dec 2 17:07:59 2014 UTC, How to stop plagiarism 1970s style., 85, /r/funny, 3380, http://imgur.com/R3kkN63, 149 comments, Nrthnline, 2014-12-02 20:00:01
i.imgur.com, Tue Dec 2 06:21:41 2014 UTC, I turned around and this girl was watching me, 86, /r/creepy, 2670, http://i.imgur.com/nWGIVo8.jpg, 398 comments, DisabledSquirrel, 2014-12-02 20:00:01
i.imgur.com, Tue Dec 2 17:27:59 2014 UTC, Thanksgiving Champion, 87, /r/funny, 3155, http://i.imgur.com/bgS50AJ.jpg, 104 comments, ssseafoam_green, 2014-12-02 20:00:01
youtube.com, Tue Dec 2 19:05:14 2014 UTC, Award winning fake typing., 88, /r/videos, 938, https://www.youtube.com/watch?v=gLRWloiIC58, 44 comments, Skreaming, 2014-12-02 20:00:01
i.imgur.com, Tue Dec 2 16:23:35 2014 UTC, handicap, 89, /r/funny, 3826, http://i.imgur.com/cg0aoAI.jpg, 540 comments, JimKB, 2014-12-02 20:00:01
i.imgur.com, Tue Dec 2 19:01:21 2014 UTC, Teaching haiku to kids yields excellent results., 90, /r/funny, 2310, http://i.imgur.com/HGUzWaO.jpg, 57 comments, number784, 2014-12-02 20:00:01
youtube.com, Tue Dec 2 14:23:36 2014 UTC, The Notorious B.I.G. - Notorious Thugs [Hip Hop], 91, /r/Music, 524, https://www.youtube.com/watch?v=tfxvgi0i1nc, 92 comments, wtfbrowns, 2014-12-02 20:00:01
i.imgur.com, Tue Dec 2 15:23:39 2014 UTC, Moses the hairdresser., 92, /r/funny, 4340, http://i.imgur.com/DLKAvI8.gif, 470 comments, ThePeanutBuddha, 2014-12-02 20:00:01
google.com, Tue Dec 2 11:55:34 2014 UTC, A long list of sex acts just got banned in UK porn, 93, /r/worldnews, 4804, https://www.google.com/url?sa=t&rct=j&q=&esrc=s&source=newssearch&cd=1&cad=rja&uact=8&ved=0CB0QqQIoADAA&url=http%3A%2F%2Fwww.independent.co.uk%2Fnews%2Fuk%2Fa-long-list-of-sex-acts-just-got-banned-in-uk-porn-9897174.html&ei=kKh9VL2dLMPToATQm4H4Ag&usg=AFQjCNG510HPbatinQVxvZdaMxfdgSoX1w&sig2=M6M4ya3gsS7IjbtKlZwmjQ&bvm=bv.80642063d.cGU, 7297 comments, platypusmusic, 2014-12-02 20:00:01
i.imgur.com, Tue Dec 2 17:17:41 2014 UTC, RollerCoaster Tycoon, 94, /r/funny, 2982, http://i.imgur.com/3ztXaZm.jpg, 133 comments, sykora171, 2014-12-02 20:00:01
self.Jokes, Tue Dec 2 11:13:53 2014 UTC, Swimming Pool Joke, 95, /r/Jokes, 1755, /r/Jokes/comments/2o1c8w/swimming_pool_joke/, 68 comments, Delight_Ted4, 2014-12-02 20:00:01
youtube.com, Tue Dec 2 15:23:54 2014 UTC, Incubus - Are You In? [Rock], 96, /r/Music, 415, https://www.youtube.com/watch?v=M90tA302X3k, 52 comments, popdisaster00, 2014-12-02 20:00:01
i.imgur.com, Tue Dec 2 15:22:44 2014 UTC, My cat cuddling with her only kitten, 97, /r/aww, 3353, http://i.imgur.com/rQYQznP.jpg, 95 comments, WTFisabanana, 2014-12-02 20:00:01
imgur.com, Tue Dec 2 20:21:04 2014 UTC, What's in the box!, 98, /r/funny, 1645, http://imgur.com/O7xoL5X, 39 comments, nolanator, 2014-12-02 20:00:01
self.AskReddit, Tue Dec 2 14:36:11 2014 UTC, What movie isn't as deep as most people think it is?, 99, /r/AskReddit, 1723, /r/AskReddit/comments/2o1qdj/what_movie_isnt_as_deep_as_most_people_think_it_is/, 6379 comments, spoderdan, 2014-12-02 20:00:01
imgur.com, Tue Dec 2 23:55:05 2014 UTC, Eustace the Snowman my take on the original New Yorker cover., 100, /r/Art, , http://imgur.com/b6nIdrr, 2 comments, ABillustration, 2014-12-02 20:00:01
