domain, comments, subreddit, score, link, rank, time, submitter, timestamp
i.imgur.com, 296 comments, /r/funny, 4267, http://i.imgur.com/NF7SysR.jpg, 1, Tue Nov 11 16:58:24 2014 UTC, cels0_o, 11_11_2014 15:03:03
i.imgur.com, 693 comments, /r/pics, 3916, http://i.imgur.com/5ZLYvSD.jpg, 2, Tue Nov 11 16:00:40 2014 UTC, Chillypow, 11_11_2014 15:03:03
i.imgur.com, 1557 comments, /r/gaming, 4919, https://i.imgur.com/wsJC1CP.jpg, 3, Tue Nov 11 14:55:12 2014 UTC, C-Ron, 11_11_2014 15:03:03
i.imgur.com, 182 comments, /r/aww, 3966, http://i.imgur.com/Jcamv1n.jpg, 4, Tue Nov 11 13:54:48 2014 UTC, herohiroro, 11_11_2014 15:03:03
esa.int, 638 comments, /r/worldnews, 4434, http://www.esa.int/Our_Activities/Operations/Live_updates_Rosetta_mission_comet_landing, 5, Tue Nov 11 13:02:03 2014 UTC, ThreadAssessment, 11_11_2014 15:03:03
abc.net.au, 265 comments, /r/science, 4221, http://www.abc.net.au/science/articles/2014/11/11/4125343.htm, 6, Tue Nov 11 13:01:56 2014 UTC, davidreiss666, 11_11_2014 15:03:03
en.wikipedia.org, 467 comments, /r/todayilearned, 4010, http://en.wikipedia.org/wiki/Y.M.C.A._(song)#History, 7, Tue Nov 11 13:08:55 2014 UTC, kr47e, 11_11_2014 15:03:03
imgur.com, 403 comments, /r/mildlyinteresting, 3169, http://imgur.com/cKbYh8F, 8, Tue Nov 11 13:53:16 2014 UTC, commissionerofwine, 11_11_2014 15:03:03
mlive.com, 861 comments, /r/news, 3509, http://www.mlive.com/news/kalamazoo/index.ssf/2014/11/sturgis_police_officer_charged_1.html, 9, Tue Nov 11 13:12:34 2014 UTC, SAT0725, 11_11_2014 15:03:03
youtube.com, 588 comments, /r/videos, 2567, https://www.youtube.com/watch?v=7DCDYSJwwE4, 10, Tue Nov 11 13:49:54 2014 UTC, PM_ME-UR-BOOBIES, 11_11_2014 15:03:03
self.AskReddit, 4574 comments, /r/AskReddit, 2878, /r/AskReddit/comments/2lymx0/what_is_the_closest_thing_to_magicsorcery_the/, 11, Tue Nov 11 13:00:07 2014 UTC, Angussicklad, 11_11_2014 15:03:03
self.IAmA, 1555 comments, /r/IAmA, 2368, /r/IAmA/comments/2lyn49/i_am_a_water_economist_ama_on_water_issues/, 12, Tue Nov 11 13:02:40 2014 UTC, davidzet, 11_11_2014 15:03:03
i.imgur.com, 58 comments, /r/gifs, 1366, http://i.imgur.com/55NUwJr.gif, 13, Tue Nov 11 14:38:41 2014 UTC, a_contact_juggler, 11_11_2014 15:03:03
spiritofthething.wordpress.com, 109 comments, /r/movies, 739, http://spiritofthething.wordpress.com/2013/05/28/supplies-a-quick-note-on-weird-als-uhf/, 14, Tue Nov 11 17:07:18 2014 UTC, mtown4ever, 11_11_2014 15:03:03
washingtonpost.com, 444 comments, /r/dataisbeautiful, 1119, http://www.washingtonpost.com/blogs/govbeat/wp/2014/11/10/in-most-states-women-outnumber-men/?Post+generic=%3Ftid%3Dsm_twitter_washingtonpost, 15, Tue Nov 11 14:04:21 2014 UTC, Princesie, 11_11_2014 15:03:03
self.books, 166 comments, /r/books, 809, /r/books/comments/2lz0n7/kurt_vonnegut_on_veterans_day/, 16, Tue Nov 11 15:33:12 2014 UTC, JacobTypes, 11_11_2014 15:03:03
i.imgur.com, 256 comments, /r/space, 3280, http://i.imgur.com/1EkPHky.jpg, 17, Tue Nov 11 07:50:52 2014 UTC, AnasAbdin, 11_11_2014 15:03:03
youtube.com, 226 comments, /r/Music, 1991, http://www.youtube.com/watch?v=ZdDHi5SSIlM, 18, Tue Nov 11 09:54:53 2014 UTC, congalala, 11_11_2014 15:03:03
whizzpast.com, 159 comments, /r/television, 895, http://www.whizzpast.com/taboo-tv-8-revolutionary-firsts-american-television/, 19, Tue Nov 11 14:14:06 2014 UTC, tankedup, 11_11_2014 15:03:03
self.TwoXChromosomes, 139 comments, /r/TwoXChromosomes, 456, /r/TwoXChromosomes/comments/2lzers/im_cured_d_let_this_be_a_psa_to_all_you_ladies/, 20, Tue Nov 11 17:34:12 2014 UTC, Yetimunster21, 11_11_2014 15:03:03
self.Fitness, 131 comments, /r/Fitness, 441, /r/Fitness/comments/2lzfkt/broscience_what_is_a_pump/, 21, Tue Nov 11 17:40:34 2014 UTC, Snycs, 11_11_2014 15:03:03
i.imgur.com, 451 comments, /r/food, 3151, http://i.imgur.com/dbm68PA.jpg, 22, Tue Nov 11 06:42:15 2014 UTC, zacmu, 11_11_2014 15:03:03
self.explainlikeimfive, 2059 comments, /r/explainlikeimfive, 2107, /r/explainlikeimfive/comments/2ly83y/eli5why_are_men_and_women_segregated_in_chess/, 23, Tue Nov 11 08:51:42 2014 UTC, Polemicize, 11_11_2014 15:03:03
i.imgur.com, 92 comments, /r/GetMotivated, 2063, http://i.imgur.com/5XowBPt.gif, 24, Tue Nov 11 08:57:09 2014 UTC, mikayakatnt, 11_11_2014 15:03:03
self.sports, 351 comments, /r/sports, 394, /r/sports/comments/2lzb6a/if_espn_were_to_sell_their_content_online_for_the/, 25, Tue Nov 11 17:04:35 2014 UTC, chrispdx, 11_11_2014 15:03:03
