domain,post_time,title,rank,subreddit,score,link,comments,submitter,timestamp
blogs.wsj.com,Tue Nov 25 21:02:53 2014 UTC,TIL that when the CEO of the Sesame Street Workshop was asked if Bert and Ernie are gay he replied They are not gay they are not straight they are puppets. They dont exist below the waist.,1,/r/todayilearned,5308,http://blogs.wsj.com/speakeasy/2009/11/07/bert-ernie-are-they-or-arent-they-kurt-andersen-expounds/,1506,HAL9000000,2014-11-25 23:00:01
imgur.com,Tue Nov 25 21:38:21 2014 UTC,He is so plump oh my goodness,2,/r/aww,3984,http://imgur.com/o06qJSS,474,_Ruairi_,2014-11-25 23:00:01
i.imgur.com,Tue Nov 25 21:00:58 2014 UTC,And I thought I was a wimp to spiders.... ,3,/r/gifs,4139,http://i.imgur.com/Dn4YNJ1.gif,272,rtwalz,2014-11-25 23:00:01
imgur.com,Tue Nov 25 20:24:40 2014 UTC,Thanks for the help camera guy!,4,/r/funny,5170,http://imgur.com/kAizbSL,1140,vernetroyer,2014-11-25 23:00:01
imgur.com,Tue Nov 25 19:32:56 2014 UTC,So about halfway through my flight I heard a loud POP looked out my window at a bolt that flew off the prop and broke through the outer pane,5,/r/pics,5123,http://imgur.com/a/U7IVd,2302,Skips_LegDay,2014-11-25 23:00:01
khou.com,Tue Nov 25 22:21:16 2014 UTC,An armed man wearing a fedora was not taken seriously when trying to rob a pharmacy. Instead he was ignored and left the crime scene empty handed,6,/r/news,2663,http://www.khou.com/media/cinematic/video/15998868/fedora-wearing-robber/,428,ACFresh,2014-11-25 23:00:01
self.IAmA,Tue Nov 25 19:05:10 2014 UTC,I am Joel Hodgson creator of Mystery Science Theater 3000 why don't you come at me?,7,/r/IAmA,4184,/r/IAmA/comments/2necex/i_am_joel_hodgson_creator_of_mystery_science/,1794,Joel_Hodgson_,2014-11-25 23:00:01
youtu.be,Tue Nov 25 20:45:22 2014 UTC,A black man's view that goes against the grain of pop culture. Logic versus racism.,8,/r/videos,3323,http://youtu.be/gPUcA7yrErg,4302,Or0ku_Saki,2014-11-25 23:00:01
imgur.com,Tue Nov 25 19:07:23 2014 UTC,Space Engine : A free space simulation.,9,/r/gaming,3587,http://imgur.com/a/zxs13,538,PeanMaster,2014-11-25 23:00:01
imgur.com,Tue Nov 25 19:23:29 2014 UTC,The black swallower. This is a real fish.,10,/r/creepy,2783,http://imgur.com/a/5PECO,371,The2500,2014-11-25 23:00:01
youtube.com,Tue Nov 25 16:59:51 2014 UTC,The full Jurassic World trailer.,11,/r/movies,4272,https://www.youtube.com/watch?v=RFinNxS5KN4&hd=1,9034,JessupBrundle,2014-11-25 23:00:01
nj.com,Tue Nov 25 21:38:42 2014 UTC,How everyone thought I missed the photo of Odell Beckham Jr.'s amazing touchdown catch ... but I didn't,12,/r/sports,1739,http://www.nj.com/giants/index.ssf/2014/11/how_i_got_the_best_photo_of_odell_beckham_jrs_amazing_touchdown_catch.html,168,Alphadog33,2014-11-25 23:00:01
theguardian.com,Tue Nov 25 16:30:50 2014 UTC,Vietnam seizes over 1000 dead endangered sea turtles - Record haul were bound for illegal export to China.,13,/r/worldnews,3762,http://www.theguardian.com/environment/2014/nov/25/vietnam-seizes-over-1000-dead-endangered-sea-turtles,381,NinjaDiscoJesus,2014-11-25 23:00:01
self.TwoXChromosomes,Tue Nov 25 19:30:49 2014 UTC,Germany just made the Plan B pill a non-prescription drug,14,/r/TwoXChromosomes,2019,/r/TwoXChromosomes/comments/2nefra/germany_just_made_the_plan_b_pill_a/,249,feliblub,2014-11-25 23:00:01
dailykos.com,Tue Nov 25 19:31:05 2014 UTC,Watch what happened on Twitter when the Darren Wilson grand jury decision was announced,15,/r/dataisbeautiful,1921,http://www.dailykos.com/story/2014/11/25/1347343/-Watch-what-happened-on-Twitter-when-the-Darren-Wilson-grand-jury-decision-was-announced,311,anderson-koala,2014-11-25 23:00:01
self.Showerthoughts,Tue Nov 25 16:16:24 2014 UTC,Some atoms have gone 13.8 billion years only to learn that their purpose in this universe is to be manufactured into a dildo to be shoved up someone's asshole.,16,/r/Showerthoughts,3422,/r/Showerthoughts/comments/2ndrzd/some_atoms_have_gone_138_billion_years_only_to/,951,Mankriks_Mistress,2014-11-25 23:00:01
imgur.com,Tue Nov 25 16:04:12 2014 UTC,The biggest cup setting on the Keurig dispenses the perfect amount of water for a Cup of Noodles,17,/r/mildlyinteresting,3403,http://imgur.com/iMvJuOZ,1056,drodeo,2014-11-25 23:00:01
i.imgur.com,Tue Nov 25 17:19:50 2014 UTC,First homemade meal-for-one since my wife's passing: rib eye steak (medium) baked sweet potato (not a yam) caramelized red onion and bourbon de-glazed pan sauce.,18,/r/food,2601,http://i.imgur.com/erIEREf.jpg,593,ccnova,2014-11-25 23:00:01
self.Fitness,Tue Nov 25 15:11:59 2014 UTC,Calorie counts to be required at chain restaurants in the U.S.,19,/r/Fitness,3804,/r/Fitness/comments/2ndkse/calorie_counts_to_be_required_at_chain/,1345,gregariousHermit,2014-11-25 23:00:01
self.LifeProTips,Tue Nov 25 18:07:55 2014 UTC,LPT: If you haven't already started thawing your turkey get on it now!,20,/r/LifeProTips,2187,/r/LifeProTips/comments/2ne54e/lpt_if_you_havent_already_started_thawing_your/,460,dorito_125,2014-11-25 23:00:01
self.AskReddit,Tue Nov 25 18:57:08 2014 UTC,World Travelers of Reddit where did you go that was totally amazing?,21,/r/AskReddit,1872,/r/AskReddit/comments/2nebb3/world_travelers_of_reddit_where_did_you_go_that/,2497,SpitHotFiyahh,2014-11-25 23:00:01
youtube.com,Tue Nov 25 17:43:59 2014 UTC,The Shins - New Slang [Indie/Alt],22,/r/Music,2293,https://www.youtube.com/watch?v=vDtrU_B2i4o,288,redbbqwhattt,2014-11-25 23:00:01
redditblog.com,Tue Nov 25 18:39:43 2014 UTC,Baby it's cold outside*! Subreddits to get you through.,23,/r/blog,1898,http://www.redditblog.com/2014/11/baby-its-cold-outside-subreddits-to-get.html,299,krispykrackers,2014-11-25 23:00:01
self.Jokes,Tue Nov 25 18:30:31 2014 UTC,Just one.,24,/r/Jokes,1851,/r/Jokes/comments/2ne7wf/just_one/,92,bbttrraann,2014-11-25 23:00:01
self.explainlikeimfive,Tue Nov 25 14:52:47 2014 UTC,ELI5:Why does the word 'cool' remain cool for so long and yet words like 'groovy' and 'rad' seem out of date in just a couple of decades?,25,/r/explainlikeimfive,3502,/r/explainlikeimfive/comments/2ndism/eli5why_does_the_word_cool_remain_cool_for_so/,1427,eatification,2014-11-25 23:00:01
i.imgur.com,Tue Nov 25 18:06:22 2014 UTC,The Rockets of Human Space Flight,26,/r/space,1870,http://i.imgur.com/Y13srN1.jpg,270,firmada,2014-11-25 23:00:01
imgur.com,Tue Nov 25 14:37:38 2014 UTC,Pushing a human's speed - Bionic Boots,27,/r/Futurology,3405,http://imgur.com/gallery/RH8jR,774,bmacorr,2014-11-25 23:00:01
imgur.com,Tue Nov 25 14:27:58 2014 UTC,PsBattle: A girl with a face of envy (or fear) looking at another girls chest,28,/r/photoshopbattles,3346,http://imgur.com/HOZjV53.jpg,674,iBleeedorange,2014-11-25 23:00:01
imgur.com,Tue Nov 25 14:56:18 2014 UTC,The teenage future Queen of England Princess Elizabeth wearing her ATS uniform in WWII 1942,29,/r/OldSchoolCool,3055,http://imgur.com/qtYXg2o.jpg,339,iBleeedorange,2014-11-25 23:00:01
i.imgur.com,Tue Nov 25 13:15:32 2014 UTC,The Beach ... not such a secret anymore (Thailand) [OC] [2736  2868],30,/r/EarthPorn,4145,http://i.imgur.com/EkvaUDH.jpg,988,andreasmuz,2014-11-25 23:00:01
port.ac.uk,Tue Nov 25 15:57:43 2014 UTC,Homosexual behaviour may have evolved to promote social bonding in humans according to new research. The results of a preliminary study provide the first evidence that our need to bond with others increases our openness to engaging in homosexual behaviour.,31,/r/science,2523,http://www.port.ac.uk/uopnews/2014/11/25/homosexuality-may-help-us-bond/,726,Libertatea,2014-11-25 23:00:01
news.yahoo.com,Tue Nov 25 14:16:39 2014 UTC,Putin's tiger the main suspect in mystery China goat deaths,32,/r/nottheonion,3122,https://news.yahoo.com/putins-tiger-main-suspect-mystery-china-goat-deaths-120120686.html,168,SecretBlogon,2014-11-25 23:00:01
self.television,Tue Nov 25 17:29:57 2014 UTC,Any love for Ugly Americans?,33,/r/television,1471,/r/television/comments/2ne0p6/any_love_for_ugly_americans/,384,youhipsterdoofus,2014-11-25 23:00:01
americanradiohistory.com,Tue Nov 25 21:04:38 2014 UTC,Every issue from 1954 to 1982 of Popular Electronics Magazine,34,/r/InternetIsBeautiful,697,http://www.americanradiohistory.com/Popular-Electronics-Guide.htm,40,davey_b,2014-11-25 23:00:01
wow-dude.net,Tue Nov 25 12:41:47 2014 UTC,Penguin Random House to donate a book every time some uses the #GiveaBook hashtag,35,/r/books,3092,http://www.wow-dude.net/article/242/Penguin-Random-House-to-donate-a-book-every-time-some-uses-the-GiveaBook-hashtag.html,257,Zrnatost,2014-11-25 23:00:01
imgur.com,Tue Nov 25 15:16:08 2014 UTC,I hid my TV wires!,36,/r/DIY,1628,http://imgur.com/a/3s1vP,300,jswilson64,2014-11-25 23:00:01
twentytwowords.com,Tue Nov 25 16:00:54 2014 UTC,The surreal moment a bereaved father hears the proof that his sons death saved lives,37,/r/UpliftingNews,1270,http://twentytwowords.com/the-surreal-moment-a-bereaved-father-heard-the-proof-that-his-sons-death-saved-lives/,198,IllLeaveThisHere,2014-11-25 23:00:01
i.imgur.com,Wed Nov 26 02:36:14 2014 UTC,Life death and reincarnation via makeup.,38,/r/Art,,http://i.imgur.com/1qrjtR1.gif,12,Hamberry83,2014-11-25 23:00:01
i.imgur.com,Tue Nov 25 10:21:14 2014 UTC,[Image] I hate that word - lucky Quote from Peter Dinklage.,39,/r/GetMotivated,2560,http://i.imgur.com/RhsFSzE.jpg,233,ishan001,2014-11-25 23:00:01
channel4.com,Tue Nov 25 22:23:53 2014 UTC,The Paedophile Hunter (2014) A vigilante along with his team poses as a young girl and arranges meetings with alleged paedophiles filming everything and passing footage to the police.,40,/r/Documentaries,281,http://www.channel4.com/programmes/the-paedophile-hunter,208,DanielGribben,2014-11-25 23:00:01
self.askscience,Tue Nov 25 11:01:27 2014 UTC,Without self-referencing is it possible to explain why 1+1=2?,41,/r/askscience,2168,/r/askscience/comments/2nd17r/without_selfreferencing_is_it_possible_to_explain/,643,HelloMyNameIs_JOSH_,2014-11-25 23:00:01
self.personalfinance,Tue Nov 25 20:24:23 2014 UTC,How Tyron Smith from the Cowboys learned to say no to his family.,42,/r/personalfinance,378,/r/personalfinance/comments/2nemtq/how_tyron_smith_from_the_cowboys_learned_to_say/,164,1boredatwork1,2014-11-25 23:00:01
self.listentothis,Tue Nov 25 21:45:48 2014 UTC,[Discussion] How I find new music 2.0,43,/r/listentothis,288,/r/listentothis/comments/2nex9a/discussion_how_i_find_new_music_20/,75,INeedAnswers123,2014-11-25 23:00:01
self.WritingPrompts,Tue Nov 25 15:10:41 2014 UTC,[WP] An archaeologist uncovers an ancient book he loves the hieroglyphics but cannot understand them. He gets a tattoo of one of the hieroglyphics on his arm and realizes it now can no longer be harmed...he begins to translate the book and get more unique tattoos,44,/r/WritingPrompts,869,/r/WritingPrompts/comments/2ndkmh/wp_an_archaeologist_uncovers_an_ancient_book_he/,52,HelpMeLoseMyFat,2014-11-25 23:00:01
bgr.com,Wed Nov 26 00:03:30 2014 UTC,AT&T went out of its way to make the Nexus 6 worse  heres how to fix it,45,/r/gadgets,157,http://bgr.com/2014/11/24/att-nexus-6-problems/,34,GaryKremen,2014-11-25 23:00:01
self.nosleep,Tue Nov 25 20:08:02 2014 UTC,I did the elevator ritual. I think something followed me home. I haven't slept properly in 3 days.,46,/r/nosleep,250,/r/nosleep/comments/2nekov/i_did_the_elevator_ritual_i_think_something/,64,Makayladoesrituals,2014-11-25 23:00:01
sciencedaily.com,Tue Nov 25 13:55:16 2014 UTC,People ate mammoth; Dogs got reindeer,47,/r/history,620,http://www.sciencedaily.com/releases/2014/11/141124074841.htm,55,marquis_of_chaos,2014-11-25 23:00:01
self.philosophy,Tue Nov 25 18:21:32 2014 UTC,Ferguson The Society of the Spectacle and the Master's Tools.,48,/r/philosophy,257,/r/philosophy/comments/2ne6ti/ferguson_the_society_of_the_spectacle_and_the/,58,topd0g,2014-11-25 23:00:01
artbooom.com,Tue Nov 25 13:59:16 2014 UTC,Sculptures Popping Out of Paintings Shintaro Ohata,49,/r/Art,1465,http://www.artbooom.com/sculptures-popping-paintings/,80,ethan_kahun,2014-11-25 23:00:01
i.imgur.com,Tue Nov 25 20:29:02 2014 UTC,Very original urban graffiti,50,/r/pics,4017,http://i.imgur.com/OCLWSoQ.jpg,91,envyone,2014-11-25 23:00:01
self.tifu,Tue Nov 25 14:45:05 2014 UTC,TIFU: By watching Guardians of the Galaxy.,51,/r/tifu,2393,/r/tifu/comments/2ndhzn/tifu_by_watching_guardians_of_the_galaxy/,494,Triks1,2014-11-25 23:00:01
imgur.com,Tue Nov 25 22:40:20 2014 UTC,My buddy's high school track team's stars photo,52,/r/pics,2673,http://imgur.com/PImu0lR,176,Insanejub,2014-11-25 23:00:01
i.imgur.com,Tue Nov 25 20:40:51 2014 UTC,This is a picture from Ferguson too,53,/r/pics,3806,http://i.imgur.com/bSc0YFh.jpg,763,GallowBoob,2014-11-25 23:00:01
i.imgur.com,Tue Nov 25 16:49:06 2014 UTC,My grandparents playing Atari in the early 80's,54,/r/OldSchoolCool,1884,http://i.imgur.com/aMmKWII.jpg,51,nuodaispalis,2014-11-25 23:00:01
imgur.com,Tue Nov 25 15:46:11 2014 UTC,Local energy company sent a scratch 'n' sniff with my latest statement.,55,/r/mildlyinteresting,3093,http://imgur.com/WeM6OCV,186,pianokeyteeth,2014-11-25 23:00:01
self.tifu,Wed Nov 26 00:28:39 2014 UTC,TIFU by being too impressed with a YouTube video (photo of aftermath included),56,/r/tifu,370,/r/tifu/comments/2nffre/tifu_by_being_too_impressed_with_a_youtube_video/,48,dafunkmasta,2014-11-25 23:00:01
i.imgur.com,Tue Nov 25 19:36:12 2014 UTC,Taking a selfie in space,57,/r/gifs,4506,http://i.imgur.com/5a6YEQC.gif,456,1Voice1Life,2014-11-25 23:00:01
i.imgur.com,Tue Nov 25 17:08:33 2014 UTC,[Image] I think we all can relate to this.,58,/r/GetMotivated,586,http://i.imgur.com/jnFTrA3.png,9,CoolCatHobbes,2014-11-25 23:00:01
i.imgur.com,Tue Nov 25 20:23:36 2014 UTC,[Image] Stop lying to yourself!,59,/r/GetMotivated,319,http://i.imgur.com/2WWe6Dv.png,15,sako36,2014-11-25 23:00:01
self.AskReddit,Tue Nov 25 13:40:53 2014 UTC,World travelers of reddit where did you go that was a total disappointment?,60,/r/AskReddit,3901,/r/AskReddit/comments/2ndc2r/world_travelers_of_reddit_where_did_you_go_that/,23357,noodlepoops,2014-11-25 23:00:01
i.imgur.com,Tue Nov 25 21:24:30 2014 UTC,His last words...,61,/r/gaming,1810,http://i.imgur.com/DkKu3YD.jpg,62,Wammus,2014-11-25 23:00:01
sciencedaily.com,Tue Nov 25 13:01:21 2014 UTC,Research from 1978 until 2009 found that despite having fewer friends students were actually less lonely than in the past dont desire additional friends as much. people are more individualistic more extroverted and have higher self-esteem,62,/r/science,3327,http://www.sciencedaily.com/releases/2014/11/141124092430.htm,521,MmmmDiesel,2014-11-25 23:00:01
i.imgur.com,Tue Nov 25 21:33:51 2014 UTC,Just a dog dressed as a bear on a treadmill,63,/r/gifs,2750,http://i.imgur.com/6LIiH4A.gif,39,kcapulet,2014-11-25 23:00:01
imgur.com,Tue Nov 25 18:19:01 2014 UTC,Asked my buddy how CoD:AW is...,64,/r/gaming,3221,http://imgur.com/3VkadDZ,1391,intelekt,2014-11-25 23:00:01
giant.gfycat.com,Tue Nov 25 19:42:57 2014 UTC,What a beautiful way to wrap up a funeral,65,/r/gifs,3665,http://giant.gfycat.com/BeneficialAccurateBrahmancow.gif,509,thebigsexy1,2014-11-25 23:00:01
i.imgur.com,Tue Nov 25 19:21:55 2014 UTC,Annual beer floating event in Finland.,66,/r/pics,3665,http://i.imgur.com/vHYkdtX.jpg,278,XiKiilzziX,2014-11-25 23:00:01
taimur.org,Tue Nov 25 19:39:09 2014 UTC,The History of Western Philosophy in one picture,67,/r/philosophy,142,http://taimur.org/2014/10/22/the-history-of-western-philosophy/,40,Qwill2,2014-11-25 23:00:01
self.nosleep,Wed Nov 26 00:06:16 2014 UTC,The Wilson Ranch Incident (Part 4),68,/r/nosleep,87,/r/nosleep/comments/2nfdgb/the_wilson_ranch_incident_part_4/,20,Victor_King,2014-11-25 23:00:01
i.imgur.com,Tue Nov 25 19:22:37 2014 UTC,Danny Devito spotted in Ferguson,69,/r/funny,3545,http://i.imgur.com/mIe1snd.jpg,262,c2darizzle,2014-11-25 23:00:01
imgur.com,Tue Nov 25 14:35:37 2014 UTC,My friend's shadow looks like the profile of a man's face,70,/r/mildlyinteresting,2934,http://imgur.com/SLFJgjU,135,Youns,2014-11-25 23:00:01
imgur.com,Tue Nov 25 19:11:45 2014 UTC,OKCupid Quickmatch Gem,71,/r/funny,3554,http://imgur.com/yWAmW9A,141,deidrewashere,2014-11-25 23:00:01
imgflip.com,Tue Nov 25 19:45:09 2014 UTC,Good morning Missouri!,72,/r/funny,3132,https://imgflip.com/i/ekleu,83,Infinator10,2014-11-25 23:00:01
i.imgur.com,Tue Nov 25 22:06:04 2014 UTC,How the Ferguson fire department probably felt last night,73,/r/funny,2033,http://i.imgur.com/v0TVx1N.gif,33,Voxel_Sigma,2014-11-25 23:00:01
imgur.com,Tue Nov 25 18:16:19 2014 UTC,I got tailored a very nice suit today,74,/r/pics,3916,http://imgur.com/a/6Ml0U,302,j0be,2014-11-25 23:00:01
imgur.com,Tue Nov 25 17:53:27 2014 UTC,[Image] There is no reason not to chase your dreams in life,75,/r/GetMotivated,391,http://imgur.com/xdfqMps,12,JimFlim,2014-11-25 23:00:01
i.imgur.com,Tue Nov 25 18:00:41 2014 UTC,The Atlantic Road Norway,76,/r/pics,3987,http://i.imgur.com/vgrrmtH.jpg,130,raytrace75,2014-11-25 23:00:01
youtube.com,Tue Nov 25 16:54:46 2014 UTC,Noam Chomsky on Thought and Consciousness,77,/r/philosophy,203,https://www.youtube.com/watch?v=bmDgBkgqTVY,60,John_252,2014-11-25 23:00:01
psychologicalscience.org,Tue Nov 25 14:42:29 2014 UTC,Peoples views on income inequality and wealth distribution may have little to do with how much money they have in the bank and a lot to do with how wealthy they feel in comparison to their friends and neighbors according to new findings published in Psychological Science,78,/r/science,1873,http://www.psychologicalscience.org/index.php/news/releases/feeling-wealthy-drives-opposition-to-wealth-redistribution.html,206,Libertatea,2014-11-25 23:00:01
imgur.com,Tue Nov 25 18:39:51 2014 UTC,Wear a suit they said. They'll treat you different they said.,79,/r/funny,3517,http://imgur.com/vBXs7Tu,430,ny2la,2014-11-25 23:00:01
i.imgur.com,Tue Nov 25 18:03:14 2014 UTC,Is it just me or does 1960s Clint Eastwood totally look like Hugh Jackman?,80,/r/pics,3814,http://i.imgur.com/fxQfL1e.jpg,298,The_Trekspert,2014-11-25 23:00:01
imgur.com,Tue Nov 25 17:46:36 2014 UTC,Tobias on Jurassic World.,81,/r/funny,4027,http://imgur.com/hQnNebN,286,mcjesse,2014-11-25 23:00:01
catholicnewsagency.com,Tue Nov 25 23:10:21 2014 UTC,Pope Francis condemned priests and laity who turn their parishes into a 'business' by charging for things such as baptisms blessings and Mass intentions -- calling it a scandal that's hard to forgive.,82,/r/worldnews,634,http://www.catholicnewsagency.com/news/pope-francis-turning-churches-into-businesses-is-a-scandal-33377/,55,trot-trot,2014-11-25 23:00:01
imgur.com,Tue Nov 25 22:22:40 2014 UTC,Bunk Bed Castle,83,/r/DIY,255,http://imgur.com/a/gzJA7,17,G00D_GUY,2014-11-25 23:00:01
books.google.com,Tue Nov 25 19:11:25 2014 UTC,TIL a young Neil deGrasse Tyson's neighbors would call the cops on him 1 out of every 3 times he'd go up on his roof to stargaze with his telescope.,84,/r/todayilearned,3787,http://books.google.com/books?id=aOwWoZyvUV8C&pg=PA28&lpg=PA28&dq=%22In+my+midteen+innocence+I+was+simply+reaching+out+to+the+universe.+As+for+nosy+neighbors+my+rooftop+activities+looked+to+them+as+though+I+were+a+heavily+armed+burglar+ready+to+rappel+down+the+side+of+the+apartment+building+in+the+dark+with+my+portable+assault+weapons+strapped+to+my+side.+One+out+of+tree+times+I+was+on+the+roof+some+one+would+call+the+police&source=bl&ots=7qLGTS5uo9&sig=gi066NenDOscPfYRyimEboaovWw&hl=en&sa=X&ei=cb10VLKTAYXmoAT_jYCoDA&ved=0CCQQ6AEwAQ#v=onepage&q=%22In%20my%20midteen%20innocence%2C%20I%20was%20simply%20reaching%20out%20to%20the%20universe.%20As%20for%20nosy%20neighbors%20my%20rooftop%20activities%20looked%20to%20them%20as%20though%20I%20were%20a%20heavily%20armed%20burglar%2C%20ready%20to%20rappel%20down%20the%20side%20of%20the%20apartment%20building%20in%20the%20dark%2C%20with%20my%20portable%20assault%20weapons%20strapped%20to%20my%20side.%20One%20out%20of%20tree%20times%20I%20was%20on%20the%20roof%2C%20some%20one%20would%20call%20the%20police&f=false,1024,UberDuder,2014-11-25 23:00:01
i.imgur.com,Tue Nov 25 18:17:39 2014 UTC,Gave my mom this mug for Christmas 2 years ago and she still has no clue.,85,/r/funny,3601,http://i.imgur.com/VAa73BM.jpg,164,mprusin,2014-11-25 23:00:01
i.imgur.com,Tue Nov 25 19:17:55 2014 UTC,The Sorting Cone,86,/r/pics,2919,http://i.imgur.com/7zhRoUb.png,66,Cannondale1986,2014-11-25 23:00:01
i.imgur.com,Tue Nov 25 20:25:33 2014 UTC,Today's episode of Dr. OZ is especially informative.,87,/r/pics,2374,http://i.imgur.com/AugI0Dr.jpg,113,penance_spark,2014-11-25 23:00:01
i.imgur.com,Tue Nov 25 20:48:43 2014 UTC,Clowning about,88,/r/funny,2233,http://i.imgur.com/OUaPf3m.gif,92,GallowBoob,2014-11-25 23:00:01
i.imgur.com,Tue Nov 25 18:54:46 2014 UTC,Spared No Expense.,89,/r/funny,3147,http://i.imgur.com/zRZOHwb.jpg,261,Chispy,2014-11-25 23:00:01
self.AskReddit,Tue Nov 25 23:56:51 2014 UTC,[Serious] People who attempted suicide what did you do on your last day?,90,/r/AskReddit,384,/r/AskReddit/comments/2nfcda/serious_people_who_attempted_suicide_what_did_you/,376,onlyiknow1,2014-11-25 23:00:01
youtube.com,Tue Nov 25 22:34:35 2014 UTC,Hunter S. Thompson - Omnibus (1978),91,/r/Documentaries,137,http://www.youtube.com/watch?feature=player_detailpage&v=laamYjSwcHI,14,RoninRobot,2014-11-25 23:00:01
thedailybeast.com,Tue Nov 25 17:47:34 2014 UTC,Michael Browns Stepfather Tells Crowd Burn This Bitch Down,92,/r/news,2794,http://www.thedailybeast.com/articles/2014/11/25/michael-brown-s-mother-speaks-after-verdict.html,2437,Mattandsuch,2014-11-25 23:00:01
kuleuven.be,Tue Nov 25 13:57:14 2014 UTC,Researchers have successfully converted sawdust into building blocks for gasoline. Using a new chemical process they were able to convert the cellulose in sawdust into hydrocarbon chains. These hydrocarbons can be used as an additive in gasoline or as a component in plastics.,93,/r/science,1682,http://www.kuleuven.be/english/news/researchers-turn-sawdust-into-gasoline,145,Libertatea,2014-11-25 23:00:01
youtube.com,Tue Nov 25 17:55:43 2014 UTC,This is what community looks like.,94,/r/videos,2199,https://www.youtube.com/watch?v=6JMyMARNl2Q&feature=youtu.be,650,DefeatedSky,2014-11-25 23:00:01
i.imgur.com,Tue Nov 25 19:02:39 2014 UTC,Double Backflip,95,/r/gifs,2565,http://i.imgur.com/bwaelTA.gif,137,HallucinoJER,2014-11-25 23:00:01
youtube.com,Wed Nov 26 01:46:55 2014 UTC,I have two adopted younger brothers. The struggle to keep up with them physically is real.,96,/r/videos,506,https://www.youtube.com/watch?v=uLB1zpt42bI,47,ADogNamedPal,2014-11-25 23:00:01
imgur.com,Tue Nov 25 18:59:56 2014 UTC,yeah my wife does this!,97,/r/funny,2458,http://imgur.com/gallery/932RoCA,257,Davids_Wang,2014-11-25 23:00:01
i.imgur.com,Tue Nov 25 17:14:37 2014 UTC,the gf wants a Christmas tree. this is why we can't have nice things,98,/r/funny,3378,http://i.imgur.com/eUDZb3f.jpg,106,mike4real,2014-11-25 23:00:01
news.nationalpost.com,Tue Nov 25 11:07:39 2014 UTC,Only 36% of Canadians would call Ottawa shooting a terrorist attack while 38% blame mental illness survey finds,99,/r/worldnews,4364,http://news.nationalpost.com/2014/11/24/only-36-of-canadians-would-call-ottawa-shooting-a-terrorist-attack-while-38-blame-mental-illness-survey-finds/,1483,jermerf,2014-11-25 23:00:01
imgur.com,Tue Nov 25 19:15:21 2014 UTC,While at a Video game bar with friends ran into the SuperScumbagBros.,100,/r/gaming,1495,http://imgur.com/jNuY8MR,88,Fizzlenuts,2014-11-25 23:00:01
