Subreddit Category,# of comments (total),# of occurrences,Avg. rank,Avg. score
/r/AskReddit,152504,33,50.5,2178.94
/r/funny,52348,146,68.6,3086.75
/r/videos,43588,57,59.7,2505.74
/r/pics,43089,88,63.1,3375.8
/r/news,35365,42,52.8,2527.98
/r/IAmA,34275,17,23.8,3383.76
/r/worldnews,30831,43,55.3,2533.6
/r/movies,28569,21,33.3,2677.62
/r/gaming,26097,51,52.9,2705.33
/r/todayilearned,25863,48,54.0,2867.0
/r/gifs,17008,57,53.2,2769.61
/r/explainlikeimfive,16894,30,47.8,1310.97
/r/aww,12063,62,56.1,3010.9
/r/science,11507,22,35.7,2856.91
/r/mildlyinteresting,11486,34,41.0,2878.44
/r/Showerthoughts,11355,23,36.0,2697.57
/r/Music,11307,26,51.0,1507.88
/r/nottheonion,10423,19,37.5,2239.47
/r/tifu,8958,20,41.3,1586.0
/r/TwoXChromosomes,8848,23,46.1,867.13
/r/television,8519,17,27.9,1833.24
/r/personalfinance,8126,19,45.3,550.68
/r/sports,7608,20,37.8,1384.4
/r/space,7180,23,39.2,2587.22
/r/food,7159,19,25.4,2306.47
/r/LifeProTips,6805,17,32.0,2091.76
/r/Futurology,6400,20,39.0,1508.7
/r/Fitness,6073,21,47.6,646.71
/r/dataisbeautiful,5510,20,37.3,1261.15
/r/askscience,5187,15,32.4,1771.2
/r/OldSchoolCool,4172,27,42.5,1684.19
/r/creepy,4003,24,46.0,1128.29
/r/DIY,3902,24,47.5,1102.04
/r/books,3816,19,42.8,1451.47
/r/Jokes,3409,21,38.2,1892.14
/r/photoshopbattles,3367,18,43.2,1678.44
/r/blog,2783,3,19.7,2846.67
/r/EarthPorn,2661,29,50.3,1933.07
/r/UpliftingNews,2592,17,40.9,1227.65
/r/gadgets,2398,18,46.8,457.11
/r/WritingPrompts,2025,23,50.7,484.13
/r/philosophy,1990,24,57.1,152.58
/r/InternetIsBeautiful,1874,23,49.5,558.78
/r/GetMotivated,1705,24,44.5,1198.29
/r/history,1518,23,58.5,432.22
/r/Documentaries,1453,24,55.3,379.71
/r/Art,1336,18,34.8,1451.06
/r/nosleep,1021,27,61.6,232.26
/r/listentothis,664,32,60.5,133.38
